party,handicapped-infants_n,handicapped-infants_y,water-project-cost-sharing_n,water-project-cost-sharing_y,adoption-of-the-budget-resolution_n,adoption-of-the-budget-resolution_y,physician-fee-freeze_n,physician-fee-freeze_y,el-salvador-aid_n,el-salvador-aid_y,religious-groups-in-schools_n,religious-groups-in-schools_y,anti-satellite-test-ban_n,anti-satellite-test-ban_y,aid-to-nicaraguan-contras_n,aid-to-nicaraguan-contras_y,mx-missile_n,mx-missile_y,immigration_n,immigration_y,synfuels-corporation-cutback_n,synfuels-corporation-cutback_y,education-spending_n,education-spending_y,superfund-right-to-sue_n,superfund-right-to-sue_y,crime_n,crime_y,duty-free-exports_n,duty-free-exports_y,export-administration-act-south-africa_n,export-administration-act-south-africa_y,animal
0,1,0,0,1,0,1,1,0,0,1,0,1,1,0,1,0,1,0,1,0,1,0,1,0,0,1,0,1,0,1,0,1,instance_1
1,1,0,0,1,1,0,0,1,0,1,0,1,1,0,1,0,1,0,1,0,1,0,0,1,0,1,0,1,1,0,0,1,instance_2
0,0,1,0,1,0,1,1,0,1,0,1,0,0,1,0,1,0,1,1,0,0,1,1,0,1,0,1,0,0,1,0,1,instance_3
0,0,1,0,1,0,1,1,0,1,0,1,0,0,1,0,1,0,1,1,0,1,0,1,0,1,0,1,0,0,1,0,1,instance_4
0,0,1,1,0,0,1,1,0,1,0,1,0,0,1,0,1,0,1,0,1,1,0,1,0,1,0,1,0,0,1,0,1,instance_5
0,0,1,1,0,0,1,1,0,1,0,1,0,0,1,0,1,0,1,1,0,0,1,1,0,1,0,1,0,0,1,0,1,instance_6
0,0,1,0,1,0,1,1,0,1,0,1,0,0,1,0,1,0,1,1,0,0,1,1,0,1,0,1,0,0,1,0,1,instance_7
1,0,1,1,0,1,0,0,1,0,1,1,0,0,1,0,1,0,1,1,0,1,0,0,1,0,1,0,1,1,0,0,1,instance_8
0,0,1,0,1,0,1,1,0,1,0,1,0,0,1,0,1,0,1,1,0,0,1,1,0,1,0,1,0,0,1,0,1,instance_9
1,1,0,0,1,1,0,0,1,0,1,0,1,1,0,1,0,1,0,1,0,1,0,0,1,0,1,0,1,1,0,1,0,instance_10
0,0,1,0,1,0,1,1,0,1,0,1,0,0,1,0,1,0,1,0,1,1,0,1,0,0,1,1,0,0,1,0,1,instance_11
1,1,0,0,1,1,0,0,1,0,1,0,1,1,0,1,0,1,0,1,0,1,0,0,1,0,1,0,1,1,0,0,1,instance_12
0,0,1,0,1,0,1,1,0,1,0,1,0,0,1,0,1,0,1,1,0,1,0,1,0,1,0,1,0,0,1,0,1,instance_13
1,1,0,0,1,1,0,0,1,0,1,0,1,1,0,1,0,1,0,1,0,1,0,0,1,0,1,0,1,1,0,1,0,instance_14
1,0,1,0,1,1,0,0,1,0,1,0,1,1,0,1,0,1,0,1,0,1,0,1,0,0,1,0,1,1,0,0,1,instance_15
1,1,0,0,1,1,0,0,1,0,1,0,1,1,0,1,0,1,0,0,1,1,0,0,1,0,1,0,1,1,0,1,0,instance_16
0,0,1,1,0,0,1,1,0,1,0,1,0,0,1,0,1,0,1,0,1,0,1,1,0,0,1,1,0,0,1,0,1,instance_17
0,0,1,1,0,0,1,1,0,1,0,1,0,0,1,0,1,0,1,1,0,1,0,1,0,1,0,1,0,1,0,0,1,instance_18
0,0,1,1,0,0,1,1,0,1,0,1,0,0,1,0,1,0,1,1,0,1,0,1,0,1,0,1,0,0,1,0,1,instance_19
0,0,1,0,1,0,1,1,0,1,0,1,0,0,1,0,1,0,1,1,0,1,0,1,0,1,0,1,0,1,0,0,1,instance_20
0,0,1,0,1,0,1,1,0,1,0,1,0,0,1,0,1,1,0,1,0,1,0,1,0,1,0,0,1,1,0,0,1,instance_21
0,0,1,0,1,0,1,1,0,1,0,1,0,0,1,0,1,0,1,1,0,0,1,1,0,1,0,1,0,0,1,0,1,instance_22
1,0,1,0,1,1,0,0,1,0,1,0,1,1,0,1,0,1,0,0,1,1,0,0,1,0,1,0,1,1,0,1,0,instance_23
1,1,0,0,1,1,0,0,1,0,1,0,1,1,0,1,0,1,0,0,1,0,1,0,1,0,1,0,1,1,0,1,0,instance_24
1,1,0,0,1,1,0,0,1,0,1,0,1,1,0,1,0,1,0,0,1,0,1,0,1,0,1,0,1,1,0,0,1,instance_25
1,1,0,0,1,1,0,0,1,0,1,0,1,1,0,1,0,1,0,0,1,1,0,0,1,0,1,0,1,1,0,0,1,instance_26
1,1,0,0,1,1,0,0,1,0,1,0,1,1,0,1,0,1,0,0,1,1,0,0,1,0,1,0,1,1,0,0,1,instance_27
1,1,0,0,1,1,0,0,1,0,1,0,1,1,0,1,0,1,0,1,0,1,0,0,1,0,1,0,1,1,0,1,0,instance_28
0,0,1,0,1,0,1,1,0,1,0,1,0,0,1,0,1,0,1,1,0,0,1,1,0,1,0,1,0,1,0,0,1,instance_29
1,0,1,0,1,1,0,0,1,0,1,0,1,0,1,1,0,1,0,1,0,1,0,0,1,0,1,0,1,1,0,0,1,instance_30
1,1,0,0,1,1,0,0,1,0,1,0,1,0,1,1,0,1,0,1,0,0,1,0,1,0,1,0,1,1,0,0,1,instance_31
1,1,0,0,1,1,0,0,1,0,1,0,1,1,0,1,0,1,0,0,1,1,0,0,1,0,1,0,1,1,0,1,0,instance_32
0,0,1,0,1,0,1,1,0,1,0,1,0,0,1,0,1,0,1,1,0,1,0,1,0,1,0,1,0,0,1,0,1,instance_33
1,0,1,0,1,0,1,0,1,1,0,1,0,0,1,0,1,0,1,0,1,0,1,1,0,1,0,0,1,1,0,0,1,instance_34
1,0,1,1,0,0,1,0,1,0,1,1,0,0,1,1,0,0,1,0,1,1,0,1,0,0,1,0,1,1,0,0,1,instance_35
0,0,1,1,0,0,1,1,0,1,0,0,1,0,1,0,1,0,1,0,1,0,1,1,0,1,0,0,1,0,1,0,1,instance_36
0,1,0,0,1,0,1,0,1,0,1,0,1,1,0,1,0,1,0,0,1,0,1,1,0,0,1,0,1,1,0,1,0,instance_37
0,1,0,0,1,0,1,0,1,0,1,0,1,1,0,0,1,0,1,0,1,0,1,0,1,0,1,0,1,1,0,0,1,instance_38
0,0,1,0,1,0,1,1,0,0,1,0,1,1,0,1,0,1,0,0,1,0,1,1,0,0,1,0,1,1,0,0,1,instance_39
1,1,0,1,0,1,0,0,1,0,1,1,0,1,0,1,0,1,0,0,1,1,0,0,1,0,1,0,1,1,0,1,0,instance_40
1,1,0,1,0,1,0,0,1,0,1,0,1,1,0,1,0,1,0,0,1,1,0,0,1,0,1,0,1,1,0,0,1,instance_41
1,1,0,1,0,1,0,0,1,0,1,0,1,1,0,1,0,1,0,1,0,1,0,0,1,0,1,0,1,1,0,1,0,instance_42
0,1,0,1,0,0,1,1,0,0,1,0,1,1,0,1,0,1,0,0,1,0,1,0,1,0,1,0,1,1,0,0,1,instance_43
1,1,0,1,0,1,0,0,1,0,1,0,1,1,0,1,0,1,0,0,1,1,0,0,1,0,1,0,1,1,0,1,0,instance_44
1,1,0,1,0,1,0,0,1,0,1,0,1,1,0,1,0,1,0,1,0,1,0,0,1,0,1,0,1,1,0,1,0,instance_45
0,1,0,0,1,0,1,1,0,0,1,0,1,0,1,1,0,0,1,0,1,0,1,1,0,0,1,0,1,1,0,0,1,instance_46
0,0,1,1,0,0,1,1,0,1,0,1,0,0,1,0,1,0,1,0,1,1,0,1,0,1,0,1,0,0,1,0,1,instance_47
0,0,1,1,0,0,1,1,0,1,0,1,0,0,1,0,1,0,1,0,1,0,1,1,0,1,0,1,0,0,1,0,1,instance_48
0,0,1,1,0,0,1,1,0,1,0,1,0,0,1,1,0,0,1,0,1,0,1,1,0,1,0,1,0,0,1,0,1,instance_49
0,0,1,1,0,0,1,1,0,0,1,0,1,1,0,1,0,1,0,1,0,1,0,1,0,1,0,1,0,1,0,0,1,instance_50
0,0,1,1,0,1,0,1,0,0,1,0,1,0,1,1,0,1,0,0,1,0,1,1,0,1,0,0,1,1,0,0,1,instance_51
0,0,1,0,1,0,1,1,0,1,0,0,1,0,1,0,1,0,1,0,1,1,0,1,0,1,0,1,0,1,0,0,1,instance_52
0,0,1,1,0,1,0,1,0,0,1,0,1,1,0,1,0,1,0,1,0,0,1,0,1,1,0,0,1,1,0,0,1,instance_53
0,0,1,1,0,0,1,1,0,0,1,0,1,0,1,1,0,1,0,1,0,0,1,1,0,1,0,0,1,1,0,0,1,instance_54
0,0,1,0,1,0,1,1,0,1,0,1,0,1,0,0,1,0,1,1,0,0,1,1,0,1,0,1,0,0,1,0,1,instance_55
1,1,0,0,1,1,0,0,1,0,1,0,1,1,0,1,0,1,0,1,0,1,0,0,1,0,1,0,1,1,0,0,1,instance_56
0,1,0,1,0,0,1,1,0,1,0,1,0,0,1,0,1,0,1,0,1,1,0,1,0,1,0,1,0,0,1,0,1,instance_57
0,0,1,1,0,0,1,1,0,1,0,1,0,0,1,0,1,0,1,1,0,0,1,1,0,1,0,1,0,0,1,0,1,instance_58
1,0,1,0,1,0,1,0,1,0,1,1,0,0,1,1,0,1,0,1,0,1,0,0,1,0,1,0,1,1,0,0,1,instance_59
0,1,0,0,1,0,1,1,0,1,0,1,0,1,0,0,1,0,1,0,1,0,1,1,0,1,0,1,0,0,1,0,1,instance_60
1,1,0,1,0,1,0,0,1,0,1,0,1,1,0,1,0,1,0,1,0,1,0,0,1,0,1,0,1,1,0,1,0,instance_61
1,1,0,1,0,1,0,0,1,0,1,0,1,1,0,1,0,1,0,0,1,1,0,0,1,1,0,0,1,1,0,0,1,instance_62
0,1,0,1,0,0,1,1,0,1,0,0,1,1,0,0,1,0,1,0,1,1,0,1,0,1,0,0,1,1,0,0,1,instance_63
1,1,0,1,0,1,0,0,1,0,1,0,1,1,0,1,0,1,0,0,1,1,0,0,1,0,1,0,1,1,0,0,1,instance_64
1,1,0,1,0,1,0,0,1,0,1,0,1,1,0,1,0,1,0,0,1,1,0,0,1,0,1,0,1,1,0,1,0,instance_65
1,1,0,0,1,1,0,0,1,0,1,0,1,1,0,1,0,1,0,0,1,0,1,0,1,0,1,1,0,1,0,0,1,instance_66
0,1,0,1,0,0,1,1,0,1,0,0,1,0,1,0,1,0,1,0,1,1,0,1,0,1,0,0,1,1,0,0,1,instance_67
0,0,1,1,0,0,1,1,0,1,0,0,1,0,1,0,1,0,1,1,0,1,0,1,0,1,0,1,0,0,1,0,1,instance_68
1,1,0,1,0,1,0,0,1,1,0,1,0,0,1,0,1,0,1,0,1,1,0,1,0,0,1,0,1,1,0,0,1,instance_69
1,1,0,1,0,1,0,0,1,0,1,0,1,0,1,0,1,0,1,0,1,1,0,0,1,0,1,0,1,1,0,0,1,instance_70
1,1,0,0,1,1,0,0,1,0,1,0,1,1,0,1,0,1,0,1,0,1,0,0,1,0,1,0,1,1,0,0,1,instance_71
0,1,0,1,0,1,0,1,0,1,0,1,0,0,1,0,1,0,1,0,1,1,0,0,1,0,1,0,1,0,1,0,1,instance_72
1,1,0,0,1,1,0,0,1,0,1,0,1,1,0,1,0,1,0,0,1,0,1,0,1,0,1,0,1,1,0,0,1,instance_73
0,1,0,1,0,0,1,1,0,1,0,1,0,0,1,0,1,0,1,0,1,1,0,1,0,0,1,1,0,0,1,0,1,instance_74
1,0,1,0,1,1,0,0,1,0,1,0,1,1,0,1,0,1,0,0,1,1,0,0,1,0,1,0,1,1,0,0,1,instance_75
0,1,0,0,1,0,1,1,0,1,0,0,1,1,0,0,1,0,1,0,1,0,1,1,0,0,1,1,0,0,1,0,1,instance_76
0,1,0,1,0,0,1,1,0,1,0,0,1,0,1,0,1,0,1,0,1,0,1,1,0,0,1,0,1,1,0,0,1,instance_77
1,1,0,0,1,1,0,0,1,0,1,0,1,1,0,1,0,1,0,1,0,1,0,0,1,0,1,0,1,1,0,1,0,instance_78
1,0,1,0,1,1,0,0,1,0,1,0,1,0,1,1,0,1,0,1,0,1,0,0,1,0,1,0,1,1,0,1,0,instance_79
1,1,0,0,1,1,0,0,1,0,1,0,1,1,0,1,0,1,0,0,1,1,0,0,1,0,1,0,1,1,0,1,0,instance_80
0,1,0,0,1,1,0,1,0,0,1,0,1,1,0,1,0,1,0,1,0,1,0,0,1,0,1,0,1,0,1,0,1,instance_81
0,1,0,1,0,1,0,1,0,0,1,0,1,0,1,1,0,1,0,1,0,1,0,0,1,0,1,0,1,1,0,0,1,instance_82
0,1,0,0,1,0,1,1,0,0,1,0,1,0,1,1,0,1,0,1,0,0,1,0,1,0,1,0,1,1,0,0,1,instance_83
1,1,0,0,1,1,0,0,1,0,1,0,1,0,1,1,0,1,0,1,0,1,0,0,1,0,1,0,1,1,0,0,1,instance_84
1,0,1,1,0,0,1,0,1,0,1,0,1,0,1,0,1,1,0,0,1,1,0,0,1,1,0,0,1,0,1,0,1,instance_85
1,0,1,1,0,0,1,0,1,0,1,0,1,0,1,0,1,1,0,0,1,0,1,0,1,1,0,0,1,0,1,0,1,instance_86
0,0,1,1,0,0,1,1,0,1,0,1,0,0,1,0,1,0,1,0,1,0,1,1,0,1,0,0,1,1,0,0,1,instance_87
0,1,0,1,0,1,0,1,0,0,1,0,1,1,0,1,0,1,0,0,1,0,1,0,1,0,1,0,1,1,0,0,1,instance_88
0,1,0,0,1,0,1,1,0,1,0,1,0,0,1,0,1,0,1,0,1,1,0,1,0,1,0,1,0,0,1,0,1,instance_89
1,1,0,1,0,0,1,0,1,1,0,1,0,0,1,0,1,0,1,0,1,1,0,1,0,1,0,0,1,0,1,0,1,instance_90
0,0,1,1,0,0,1,1,0,1,0,1,0,0,1,0,1,0,1,0,1,1,0,1,0,1,0,1,0,0,1,0,1,instance_91
0,1,0,1,0,0,1,1,0,1,0,1,0,0,1,0,1,0,1,0,1,0,1,1,0,1,0,1,0,0,1,0,1,instance_92
0,1,0,1,0,0,1,1,0,1,0,1,0,0,1,0,1,0,1,0,1,0,1,1,0,1,0,1,0,0,1,0,1,instance_93
0,1,0,0,1,0,1,1,0,1,0,1,0,0,1,0,1,0,1,0,1,0,1,1,0,1,0,1,0,0,1,0,1,instance_94
0,0,1,1,0,0,1,1,0,1,0,1,0,0,1,0,1,0,1,1,0,1,0,1,0,1,0,1,0,0,1,0,1,instance_95
0,1,0,1,0,1,0,1,0,1,0,0,1,0,1,0,1,0,1,1,0,0,1,1,0,1,0,0,1,0,1,0,1,instance_96
0,1,0,1,0,0,1,1,0,1,0,1,0,0,1,0,1,0,1,1,0,1,0,1,0,1,0,1,0,0,1,0,1,instance_97
0,1,0,1,0,0,1,1,0,1,0,1,0,0,1,0,1,0,1,1,0,1,0,1,0,1,0,0,1,0,1,0,1,instance_98
0,0,1,0,1,0,1,1,0,1,0,1,0,0,1,0,1,0,1,1,0,1,0,1,0,1,0,1,0,0,1,0,1,instance_99
0,0,1,1,0,0,1,1,0,1,0,0,1,0,1,0,1,0,1,0,1,0,1,1,0,1,0,1,0,0,1,0,1,instance_100
0,0,1,1,0,0,1,1,0,1,0,1,0,0,1,0,1,0,1,0,1,1,0,1,0,1,0,1,0,0,1,0,1,instance_101
1,1,0,1,0,0,1,0,1,0,1,0,1,0,1,1,0,1,0,1,0,1,0,0,1,0,1,0,1,1,0,0,1,instance_102
0,1,0,1,0,0,1,1,0,1,0,0,1,0,1,0,1,0,1,0,1,1,0,0,1,1,0,1,0,1,0,0,1,instance_103
1,1,0,1,0,1,0,0,1,0,1,0,1,1,0,1,0,1,0,0,1,1,0,0,1,1,0,0,1,1,0,0,1,instance_104
0,0,1,0,1,0,1,1,0,1,0,1,0,0,1,0,1,0,1,0,1,0,1,1,0,1,0,1,0,1,0,0,1,instance_105
0,1,0,1,0,0,1,1,0,1,0,0,1,0,1,0,1,0,1,1,0,1,0,1,0,1,0,1,0,0,1,0,1,instance_106
1,1,0,0,1,1,0,0,1,0,1,0,1,1,0,1,0,1,0,0,1,1,0,0,1,0,1,0,1,1,0,0,1,instance_107
0,1,0,1,0,0,1,1,0,1,0,1,0,0,1,0,1,0,1,1,0,0,1,1,0,1,0,1,0,0,1,0,1,instance_108
0,1,0,0,1,0,1,1,0,1,0,0,1,1,0,0,1,0,1,1,0,0,1,1,0,0,1,1,0,0,1,0,1,instance_109
1,0,1,0,1,1,0,0,1,0,1,0,1,1,0,1,0,1,0,0,1,1,0,0,1,0,1,0,1,1,0,0,1,instance_110
1,1,0,0,1,1,0,0,1,0,1,0,1,1,0,1,0,1,0,0,1,1,0,0,1,0,1,0,1,1,0,1,0,instance_111
0,1,0,0,1,0,1,1,0,1,0,1,0,1,0,0,1,0,1,1,0,0,1,1,0,1,0,0,1,0,1,0,1,instance_112
1,1,0,1,0,1,0,0,1,0,1,1,0,1,0,1,0,1,0,1,0,1,0,0,1,0,1,0,1,1,0,0,1,instance_113
0,1,0,1,0,0,1,1,0,1,0,0,1,0,1,0,1,0,1,1,0,0,1,1,0,1,0,0,1,0,1,0,1,instance_114
1,1,0,0,1,0,1,0,1,0,1,0,1,0,1,1,0,0,1,0,1,1,0,0,1,0,1,0,1,1,0,0,1,instance_115
1,1,0,0,1,1,0,0,1,0,1,0,1,1,0,1,0,1,0,1,0,1,0,0,1,0,1,0,1,1,0,0,1,instance_116
1,1,0,0,1,1,0,0,1,0,1,0,1,1,0,1,0,0,1,0,1,1,0,0,1,0,1,0,1,1,0,0,1,instance_117
1,1,0,0,1,1,0,0,1,0,1,0,1,1,0,1,0,1,0,0,1,1,0,0,1,0,1,0,1,1,0,0,1,instance_118
1,1,0,1,0,1,0,0,1,0,1,0,1,1,0,1,0,1,0,0,1,1,0,0,1,1,0,0,1,1,0,0,1,instance_119
0,1,0,1,0,0,1,1,0,1,0,1,0,0,1,0,1,0,1,1,0,1,0,1,0,1,0,1,0,0,1,0,1,instance_120
0,0,1,1,0,0,1,1,0,1,0,0,1,0,1,0,1,1,0,1,0,1,0,0,1,0,1,1,0,1,0,0,1,instance_121
1,1,0,1,0,1,0,0,1,0,1,0,1,0,1,1,0,1,0,0,1,1,0,1,0,1,0,0,1,0,1,0,1,instance_122
0,0,1,1,0,0,1,1,0,1,0,1,0,0,1,0,1,0,1,0,1,0,1,1,0,1,0,0,1,0,1,0,1,instance_123
0,0,1,1,0,0,1,1,0,1,0,1,0,1,0,0,1,0,1,0,1,1,0,1,0,1,0,1,0,0,1,0,1,instance_124
0,0,1,1,0,0,1,1,0,1,0,1,0,0,1,0,1,0,1,0,1,0,1,1,0,1,0,1,0,0,1,0,1,instance_125
1,1,0,0,1,1,0,0,1,0,1,0,1,1,0,1,0,1,0,1,0,1,0,0,1,0,1,0,1,1,0,1,0,instance_126
1,1,0,0,1,1,0,0,1,0,1,0,1,1,0,1,0,1,0,1,0,1,0,0,1,0,1,0,1,1,0,1,0,instance_127
0,0,1,0,1,0,1,1,0,1,0,0,1,0,1,0,1,0,1,1,0,1,0,1,0,1,0,1,0,0,1,0,1,instance_128
1,1,0,0,1,1,0,0,1,0,1,0,1,1,0,1,0,1,0,1,0,1,0,0,1,0,1,0,1,1,0,0,1,instance_129
0,0,1,1,0,0,1,1,0,1,0,1,0,0,1,0,1,0,1,0,1,1,0,1,0,1,0,1,0,1,0,0,1,instance_130
0,0,1,1,0,0,1,1,0,1,0,1,0,0,1,0,1,0,1,0,1,1,0,1,0,1,0,0,1,0,1,0,1,instance_131
1,1,0,1,0,1,0,0,1,0,1,1,0,1,0,1,0,1,0,1,0,1,0,0,1,1,0,0,1,1,0,1,0,instance_132
0,1,0,1,0,0,1,1,0,1,0,1,0,0,1,0,1,0,1,1,0,0,1,1,0,1,0,1,0,0,1,0,1,instance_133
0,0,1,1,0,0,1,1,0,1,0,1,0,0,1,0,1,0,1,1,0,1,0,1,0,1,0,1,0,1,0,0,1,instance_134
0,0,1,1,0,0,1,1,0,1,0,1,0,0,1,0,1,0,1,0,1,1,0,1,0,1,0,1,0,1,0,0,1,instance_135
0,0,1,1,0,0,1,1,0,1,0,1,0,0,1,0,1,0,1,0,1,1,0,1,0,1,0,1,0,1,0,0,1,instance_136
1,1,0,1,0,1,0,0,1,0,1,0,1,1,0,1,0,1,0,0,1,1,0,0,1,1,0,0,1,1,0,0,1,instance_137
1,0,1,1,0,1,0,1,0,1,0,1,0,0,1,0,1,0,1,0,1,1,0,1,0,1,0,0,1,1,0,0,1,instance_138
0,0,1,1,0,0,1,1,0,1,0,1,0,0,1,0,1,0,1,1,0,1,0,1,0,1,0,1,0,1,0,0,1,instance_139
0,0,1,0,1,0,1,1,0,1,0,1,0,0,1,0,1,0,1,1,0,1,0,1,0,1,0,1,0,0,1,0,1,instance_140
1,0,1,1,0,1,0,0,1,0,1,1,0,0,1,1,0,1,0,0,1,1,0,1,0,1,0,0,1,0,1,0,1,instance_141
1,1,0,1,0,1,0,0,1,0,1,0,1,1,0,1,0,1,0,1,0,1,0,0,1,0,1,0,1,0,1,1,0,instance_142
1,1,0,1,0,0,1,0,1,0,1,0,1,0,1,0,1,1,0,0,1,1,0,1,0,1,0,0,1,1,0,0,1,instance_143
1,1,0,1,0,1,0,0,1,0,1,0,1,1,0,1,0,1,0,1,0,1,0,0,1,0,1,0,1,1,0,0,1,instance_144
1,1,0,1,0,1,0,0,1,0,1,0,1,1,0,1,0,1,0,0,1,1,0,0,1,0,1,0,1,1,0,1,0,instance_145
0,1,0,1,0,0,1,1,0,1,0,1,0,0,1,0,1,0,1,0,1,1,0,1,0,1,0,0,1,1,0,0,1,instance_146
1,1,0,1,0,1,0,0,1,0,1,0,1,1,0,1,0,1,0,1,0,1,0,0,1,0,1,0,1,1,0,0,1,instance_147
0,1,0,1,0,0,1,1,0,1,0,0,1,0,1,0,1,0,1,0,1,0,1,1,0,1,0,1,0,0,1,0,1,instance_148
0,0,1,0,1,0,1,1,0,0,1,0,1,1,0,0,1,1,0,0,1,0,1,1,0,0,1,0,1,0,1,0,1,instance_149
0,0,1,1,0,0,1,1,0,1,0,0,1,0,1,0,1,1,0,0,1,0,1,1,0,0,1,0,1,0,1,0,1,instance_150
0,0,1,0,1,0,1,1,0,1,0,0,1,0,1,0,1,0,1,0,1,0,1,1,0,0,1,0,1,0,1,0,1,instance_151
1,1,0,1,0,0,1,0,1,0,1,0,1,1,0,1,0,1,0,0,1,1,0,0,1,0,1,0,1,0,1,0,1,instance_152
0,1,0,0,1,1,0,1,0,1,0,1,0,0,1,0,1,0,1,0,1,0,1,1,0,1,0,1,0,0,1,0,1,instance_153
0,1,0,0,1,0,1,1,0,1,0,0,1,0,1,0,1,0,1,0,1,1,0,1,0,0,1,0,1,0,1,0,1,instance_154
1,1,0,1,0,1,0,0,1,0,1,1,0,0,1,0,1,0,1,0,1,1,0,0,1,0,1,0,1,1,0,0,1,instance_155
1,1,0,1,0,1,0,0,1,0,1,0,1,0,1,1,0,1,0,0,1,1,0,0,1,0,1,0,1,1,0,0,1,instance_156
1,1,0,1,0,1,0,0,1,0,1,0,1,1,0,1,0,1,0,1,0,1,0,0,1,0,1,0,1,1,0,1,0,instance_157
1,1,0,1,0,1,0,0,1,0,1,0,1,1,0,1,0,1,0,0,1,1,0,0,1,0,1,0,1,1,0,1,0,instance_158
1,1,0,1,0,1,0,0,1,0,1,0,1,1,0,1,0,1,0,1,0,1,0,0,1,0,1,0,1,1,0,1,0,instance_159
1,1,0,1,0,1,0,0,1,0,1,0,1,1,0,1,0,1,0,0,1,1,0,0,1,0,1,0,1,1,0,1,0,instance_160
0,0,1,1,0,1,0,1,0,1,0,0,1,0,1,0,1,0,1,0,1,1,0,1,0,1,0,0,1,0,1,0,1,instance_161
1,1,0,1,0,1,0,0,1,0,1,0,1,1,0,1,0,1,0,0,1,1,0,0,1,0,1,0,1,0,1,1,0,instance_162
0,1,0,1,0,0,1,1,0,1,0,0,1,0,1,0,1,0,1,0,1,1,0,1,0,0,1,1,0,1,0,0,1,instance_163
0,0,1,0,1,0,1,1,0,1,0,1,0,0,1,0,1,0,1,0,1,1,0,1,0,1,0,1,0,0,1,0,1,instance_164
1,1,0,0,1,0,1,0,1,0,1,0,1,1,0,1,0,1,0,0,1,1,0,0,1,0,1,0,1,1,0,0,1,instance_165
1,1,0,0,1,1,0,0,1,0,1,0,1,0,1,0,1,1,0,1,0,0,1,0,1,0,1,0,1,0,1,0,1,instance_166
0,1,0,1,0,1,0,1,0,1,0,0,1,1,0,0,1,0,1,1,0,0,1,0,1,0,1,0,1,0,1,1,0,instance_167
0,0,1,1,0,1,0,1,0,1,0,1,0,0,1,0,1,0,1,0,1,1,0,1,0,1,0,1,0,0,1,0,1,instance_168
0,1,0,0,1,0,1,1,0,1,0,0,1,1,0,0,1,0,1,0,1,1,0,1,0,0,1,0,1,1,0,0,1,instance_169
0,0,1,0,1,0,1,1,0,1,0,1,0,0,1,0,1,0,1,0,1,1,0,1,0,0,1,1,0,1,0,0,1,instance_170
1,1,0,0,1,1,0,0,1,0,1,0,1,1,0,1,0,1,0,1,0,0,1,0,1,0,1,0,1,1,0,1,0,instance_171
0,0,1,0,1,1,0,0,1,1,0,1,0,0,1,0,1,0,1,1,0,0,1,1,0,1,0,0,1,1,0,0,1,instance_172
1,1,0,0,1,1,0,0,1,0,1,0,1,1,0,1,0,1,0,1,0,1,0,0,1,0,1,0,1,1,0,0,1,instance_173
0,0,1,0,1,0,1,1,0,1,0,1,0,0,1,0,1,0,1,1,0,0,1,1,0,1,0,1,0,1,0,0,1,instance_174
1,1,0,0,1,1,0,0,1,0,1,0,1,1,0,1,0,1,0,0,1,1,0,0,1,0,1,0,1,1,0,1,0,instance_175
0,1,0,1,0,0,1,1,0,1,0,1,0,0,1,0,1,0,1,1,0,1,0,1,0,1,0,1,0,0,1,0,1,instance_176
0,0,1,1,0,0,1,1,0,1,0,1,0,0,1,0,1,0,1,1,0,1,0,1,0,1,0,1,0,0,1,0,1,instance_177
0,0,1,1,0,0,1,1,0,1,0,1,0,0,1,0,1,0,1,0,1,1,0,1,0,1,0,0,1,0,1,0,1,instance_178
1,0,1,1,0,1,0,0,1,0,1,0,1,1,0,1,0,1,0,1,0,0,1,0,1,0,1,0,1,1,0,1,0,instance_179
1,1,0,1,0,1,0,0,1,0,1,0,1,1,0,1,0,1,0,0,1,0,1,0,1,1,0,0,1,1,0,0,1,instance_180
1,1,0,1,0,1,0,0,1,0,1,1,0,0,1,1,0,0,1,0,1,1,0,1,0,1,0,0,1,1,0,0,1,instance_181
0,1,0,1,0,0,1,1,0,1,0,1,0,0,1,0,1,0,1,0,1,0,1,1,0,1,0,1,0,0,1,0,1,instance_182
1,1,0,1,0,1,0,0,1,0,1,0,1,0,1,1,0,1,0,0,1,1,0,0,1,1,0,0,1,0,1,0,1,instance_183
1,1,0,1,0,1,0,0,1,0,1,0,1,1,0,1,0,1,0,0,1,1,0,0,1,0,1,0,1,1,0,0,1,instance_184
1,0,1,1,0,1,0,0,1,0,1,0,1,1,0,1,0,1,0,0,1,1,0,0,1,0,1,0,1,1,0,1,0,instance_185
1,1,0,0,1,0,1,0,1,0,1,0,1,0,1,0,1,0,1,1,0,1,0,0,1,0,1,0,1,1,0,0,1,instance_186
0,1,0,0,1,1,0,1,0,1,0,0,1,0,1,1,0,0,1,1,0,0,1,1,0,1,0,1,0,0,1,0,1,instance_187
1,1,0,1,0,0,1,0,1,0,1,0,1,0,1,0,1,0,1,0,1,1,0,0,1,0,1,0,1,0,1,0,1,instance_188
1,1,0,1,0,0,1,0,1,0,1,0,1,0,1,1,0,1,0,0,1,0,1,0,1,0,1,0,1,1,0,0,1,instance_189
1,0,1,1,0,0,1,0,1,1,0,1,0,1,0,0,1,0,1,0,1,1,0,1,0,1,0,0,1,0,1,0,1,instance_190
1,1,0,1,0,1,0,0,1,0,1,0,1,1,0,1,0,1,0,1,0,1,0,0,1,0,1,0,1,1,0,1,0,instance_191
1,1,0,1,0,1,0,0,1,0,1,0,1,1,0,1,0,1,0,1,0,1,0,0,1,0,1,0,1,1,0,1,0,instance_192
0,0,1,1,0,0,1,1,0,1,0,0,1,0,1,0,1,0,1,0,1,1,0,1,0,0,1,1,0,1,0,0,1,instance_193
0,0,1,0,1,0,1,1,0,1,0,0,1,0,1,0,1,0,1,0,1,0,1,0,1,0,1,1,0,1,0,0,1,instance_194
1,0,1,0,1,1,0,0,1,0,1,0,1,1,0,1,0,1,0,0,1,0,1,1,0,0,1,1,0,1,0,1,0,instance_195
1,0,1,0,1,1,0,0,1,0,1,0,1,1,0,1,0,1,0,1,0,0,1,1,0,0,1,0,1,1,0,0,1,instance_196
0,1,0,0,1,1,0,1,0,0,1,0,1,1,0,1,0,1,0,0,1,0,1,1,0,0,1,0,1,1,0,1,0,instance_197
0,1,0,0,1,0,1,1,0,1,0,0,1,0,1,0,1,1,0,0,1,1,0,1,0,1,0,1,0,0,1,0,1,instance_198
1,1,0,0,1,1,0,0,1,0,1,0,1,1,0,1,0,1,0,1,0,1,0,1,0,0,1,0,1,1,0,0,1,instance_199
1,1,0,0,1,1,0,0,1,0,1,0,1,1,0,1,0,1,0,1,0,1,0,0,1,0,1,0,1,1,0,0,1,instance_200
0,1,0,0,1,1,0,0,1,0,1,0,1,1,0,1,0,1,0,1,0,0,1,0,1,1,0,0,1,1,0,1,0,instance_201
1,1,0,1,0,1,0,0,1,0,1,0,1,1,0,1,0,1,0,1,0,1,0,0,1,0,1,0,1,1,0,0,1,instance_202
1,1,0,1,0,1,0,0,1,0,1,0,1,1,0,1,0,1,0,1,0,1,0,0,1,0,1,0,1,1,0,0,1,instance_203
0,0,1,0,1,0,1,1,0,0,1,0,1,1,0,0,1,0,1,0,1,0,1,1,0,1,0,1,0,1,0,0,1,instance_204
0,0,1,0,1,0,1,0,1,0,1,0,1,1,0,1,0,1,0,1,0,0,1,0,1,0,1,0,1,1,0,0,1,instance_205
0,0,1,0,1,1,0,1,0,0,1,0,1,1,0,1,0,1,0,1,0,0,1,0,1,0,1,0,1,0,1,1,0,instance_206
0,0,1,0,1,1,0,1,0,1,0,1,0,1,0,0,1,0,1,1,0,0,1,1,0,1,0,1,0,0,1,1,0,instance_207
1,0,1,0,1,1,0,0,1,0,1,0,1,1,0,1,0,1,0,1,0,0,1,0,1,0,1,0,1,1,0,0,1,instance_208
0,0,1,0,1,0,1,1,0,0,1,0,1,1,0,0,1,1,0,1,0,0,1,1,0,0,1,1,0,0,1,0,1,instance_209
0,1,0,0,1,0,1,1,0,0,1,0,1,1,0,0,1,1,0,1,0,1,0,1,0,1,0,1,0,1,0,0,1,instance_210
1,1,0,0,1,1,0,0,1,0,1,0,1,1,0,1,0,1,0,0,1,0,1,0,1,0,1,0,1,1,0,1,0,instance_211
1,0,1,0,1,1,0,0,1,0,1,0,1,1,0,1,0,1,0,0,1,1,0,0,1,0,1,0,1,1,0,0,1,instance_212
1,1,0,1,0,1,0,0,1,0,1,0,1,1,0,1,0,1,0,1,0,1,0,0,1,0,1,0,1,1,0,0,1,instance_213
0,0,1,1,0,0,1,1,0,0,1,0,1,1,0,1,0,0,1,0,1,1,0,1,0,0,1,0,1,1,0,0,1,instance_214
0,1,0,1,0,1,0,0,1,0,1,0,1,1,0,1,0,1,0,1,0,0,1,0,1,0,1,0,1,1,0,1,0,instance_215
1,1,0,1,0,1,0,0,1,0,1,0,1,1,0,1,0,1,0,1,0,1,0,0,1,0,1,0,1,1,0,1,0,instance_216
1,1,0,1,0,1,0,0,1,0,1,0,1,1,0,1,0,1,0,1,0,0,1,0,1,0,1,0,1,1,0,0,1,instance_217
0,0,1,1,0,0,1,1,0,1,0,0,1,0,1,0,1,0,1,0,1,0,1,1,0,1,0,1,0,1,0,0,1,instance_218
1,1,0,1,0,1,0,0,1,0,1,0,1,1,0,1,0,1,0,0,1,1,0,0,1,0,1,0,1,1,0,0,1,instance_219
0,0,1,0,1,0,1,1,0,1,0,1,0,0,1,0,1,0,1,1,0,1,0,1,0,1,0,1,0,1,0,0,1,instance_220
1,0,1,0,1,1,0,0,1,0,1,0,1,1,0,1,0,1,0,0,1,1,0,1,0,0,1,0,1,1,0,0,1,instance_221
0,0,1,0,1,0,1,1,0,1,0,1,0,0,1,0,1,0,1,0,1,0,1,1,0,0,1,1,0,1,0,0,1,instance_222
0,0,1,0,1,0,1,1,0,1,0,1,0,0,1,0,1,1,0,0,1,1,0,1,0,1,0,1,0,1,0,0,1,instance_223
0,0,1,0,1,0,1,1,0,1,0,1,0,0,1,0,1,0,1,1,0,1,0,1,0,1,0,1,0,1,0,0,1,instance_224
1,0,1,0,1,0,1,0,1,0,1,0,1,0,1,0,1,1,0,0,1,1,0,1,0,0,1,0,1,1,0,0,1,instance_225
0,1,0,0,1,0,1,1,0,0,1,0,1,0,1,0,1,1,0,1,0,0,1,1,0,0,1,1,0,0,1,0,1,instance_226
0,1,0,1,0,0,1,1,0,1,0,0,1,0,1,0,1,0,1,1,0,0,1,1,0,1,0,1,0,0,1,0,1,instance_227
0,1,0,0,1,0,1,1,0,1,0,0,1,0,1,0,1,0,1,1,0,0,1,1,0,1,0,0,1,0,1,0,1,instance_228
0,0,1,1,0,0,1,1,0,1,0,1,0,0,1,0,1,0,1,0,1,1,0,1,0,1,0,1,0,0,1,0,1,instance_229
1,1,0,1,0,1,0,0,1,0,1,0,1,0,1,0,1,1,0,0,1,1,0,0,1,0,1,0,1,1,0,0,1,instance_230
1,1,0,1,0,0,1,0,1,0,1,0,1,1,0,1,0,0,1,0,1,1,0,0,1,0,1,0,1,1,0,0,1,instance_231
0,1,0,1,0,0,1,1,0,1,0,1,0,0,1,0,1,0,1,0,1,1,0,1,0,1,0,1,0,1,0,0,1,instance_232
